event_id,M0_rec,M0_bestfit,Tw_bestfit,Tshift_bestfit
24, 0.064238269, 0.066639826,2.4663279e-06,1.4226581e-07
50,  0.30088802,  0.30917258,2.5675489e-06,3.634125e-07
52,  0.45418673,  0.46592834,2.5916174e-06,3.405351e-07
72,  0.80639127,  0.82157361,2.6133943e-06,2.7276661e-07
129,   1.1464188,   1.1494054,2.6344878e-06,2.1765002e-07
