event_id,M0_rec,M0_bestfit,Tw_bestfit,Tshift_bestfit
24, 0.064238269, 0.066639826,2.4663279e-06,1.4226581e-07
50,  0.30088802,  0.30917258,2.5675489e-06,3.634125e-07
52,  0.45673223,  0.46728205,2.601448e-06,3.3731774e-07
72,  0.85988253,  0.86149388, 2.72639e-06,2.514852e-07
129,   1.3125695,   1.2805886,2.8572654e-06,1.853243e-07
